{
    "name": "ChargeEnemy",
    "spriteSheetImage": "ChargeEnemy.png",
    "spriteWidth": 512,
    "spriteHeight": 512,
    "leftBuffer": 0,
	"rightBuffer": 0,
	"topBuffer": 0,
	"bottomBuffer": 0,
    "columns": 3,
    "rows": 4,
    "durationType": "time",
    "animations": [
        { 
            "name": "Idle Right",
            "repeat": true,
            "frames": [ 
                {
                    "index": 0, 
                    "duration": 1
                } 
            ]
        },
        { 
            "name": "Idle Left",
            "repeat": true,
            "frames": [ 
                {
                    "index": 1, 
                    "duration": 1
                } 
            ]
        },
        {
            "name": "Walk Right",
            "repeat": true,
            "frames": [ 
                {
                    "index": 2, 
                    "duration": 5
                }, 
                {
                    "index": 3, 
                    "duration": 5
                }, 
                {
                    "index": 4,
                    "duration": 5
                }, 
                {
                    "index": 5, 
                    "duration": 5
                } 
            ]
        },
        {
            "name": "Walk Left",
            "repeat": true,
            "frames": [ 
                {
                    "index": 6, 
                    "duration": 5
                }, 
                {
                    "index": 7, 
                    "duration": 5
                }, 
                {
                    "index": 8,
                    "duration": 5
                }, 
                {
                    "index": 9, 
                    "duration": 5
                } 
            ]
        }
    ]
}