{
	"name": "DoodleFinn",
	"spriteSheetImage": "DoodleFinn-Sprite.png",
	"spriteWidth": 512,
	"spriteHeight": 1024,
	"leftBuffer": 0,
	"rightBuffer": 0,
	"topBuffer": 0,
	"bottomBuffer": 0,
	"columns": 8,
	"rows": 4,
	"animations": [
		{
			"name": "Idle Right",
			"repeat": true,
			"frames": [
				{
					"index": 0,
					"duration": 6
				}
			]
		},
		{
			"name": "Idle Left",
			"repeat": true,
			"frames": [
				{
					"index": 1,
					"duration": 6
				}
			]
		},
		{
			"name": "Walking Right",
			"repeat": true,
			"frames": [
				{
					"index": 2,
					"duration": 6
				},
				{
					"index": 3,
					"duration": 6
				},
				{
					"index": 4,
					"duration": 6
				},
				{
					"index": 5,
					"duration": 6
				},
				{
					"index": 6,
					"duration": 6
				},
				{
					"index": 7,
					"duration": 6
				},
				{
					"index": 8,
					"duration": 6
				}
			]
		},
		{
			"name": "Walking Left",
			"repeat": true,
			"frames": [
				{
					"index": 9,
					"duration": 6
				},
				{
					"index": 10,
					"duration": 6
				},
				{
					"index": 11,
					"duration": 6
				},
				{
					"index": 12,
					"duration": 6
				},
				{
					"index": 13,
					"duration": 6
				},
				{
					"index": 14,
					"duration": 6
				},
				{
					"index": 15,
					"duration": 6
				}
			]
		},{
			"name": "Jumping Right",
			"repeat": true,
			"frames": [
				{
					"index": 16,
					"duration": 6
				}
			]

		},{
			"name": "Jumping Left",
			"repeat": true,
			"frames": [
				{
					"index": 17,
					"duration": 6
				}
			]

		},
		{
			"name": "Falling Right",
			"repeat": true,
			"frames": [
				{
					"index": 18,
					"duration": 6
				}
			]

		},
		{
			"name": "Falling Left",
			"repeat": true,
			"frames": [
				{
					"index": 19,
					"duration": 6
				}
			]

		},
		{
			"name": "Attacking Right",
			"repeat": true,
			"frames": [
				{
					"index": 20,
					"duration": 6
				}
			]
		},
		{
			"name": "Attacking Left",
			"repeat": true,
			"frames": [
				{
					"index": 21,
					"duration": 6
				}
			]
		},
		{
			"name": "Taking Damage",
			"repeat": false,
			"frames": [
				{
					"index": 22,
					"duration": 6
				}
			]
		},
		{
			"name": "Dying",
			"repeat": false,
			"frames": [
				{
					"index": 23,
					"duration": 10
				},
				{
					"index": 24,
					"duration": 10
				},
				{
					"index": 25,
					"duration": 10
				},
				{
					"index": 26,
					"duration": 10
				},
				{
					"index": 27,
					"duration": 10
				},
				{
					"index": 28,
					"duration": 10
				}
			]
		}
	]
}