{ "compressionlevel":-1,
 "editorsettings":
    {
     "export":
        {
         "format":"json",
         "target":"level3.json"
        }
    },
 "height":20,
 "infinite":false,
 "layers":[
        {
         "data":[1, 1, 1, 1, 1, 1, 1, 1, 1, 1, 1, 1, 1, 1, 1, 1, 1, 1, 1, 1, 1, 1, 1, 1, 1, 1, 1, 1, 1, 1, 1, 1, 1, 1, 1, 1, 1, 1, 1, 1, 1, 1, 1, 1, 1, 1, 1, 1, 1, 1, 1, 1, 1, 1, 1, 1, 1, 1, 1, 1, 1, 1, 1, 1, 1, 1, 1, 1, 1, 1, 3, 5, 1, 1, 1, 1, 1, 1, 1, 1, 3, 5, 1, 1, 1, 1, 1, 1, 1, 1, 1, 1, 3, 5, 1, 1, 1, 1, 1, 1, 1, 1, 1, 1, 1, 1, 1, 1, 1, 1, 3, 5, 1, 1, 1, 1, 1, 1, 1, 1, 1, 1, 1, 1, 3, 5, 1, 1, 1, 1, 1, 1, 1, 1, 4, 7, 1, 1, 1, 1, 1, 1, 1, 1, 4, 7, 1, 1, 1, 1, 1, 1, 1, 1, 1, 1, 4, 7, 1, 1, 1, 1, 1, 1, 1, 1, 1, 1, 1, 1, 1, 1, 1, 1, 4, 7, 1, 1, 1, 1, 1, 1, 1, 1, 1, 1, 1, 1, 4, 7, 1, 1, 1, 1, 1, 1, 1, 1, 4, 7, 1, 1, 1, 1, 1, 1, 1, 1, 4, 7, 1, 1, 1, 1, 1, 1, 1, 1, 1, 1, 4, 7, 1, 1, 1, 1, 1, 1, 1, 1, 1, 1, 1, 1, 1, 1, 1, 1, 4, 7, 1, 1, 1, 1, 1, 1, 1, 1, 1, 1, 1, 1, 4, 7, 1, 1, 1, 1, 1, 1, 1, 1, 4, 7, 1, 1, 1, 1, 1, 1, 1, 1, 4, 7, 1, 1, 1, 1, 1, 1, 1, 1, 1, 1, 4, 7, 1, 1, 1, 1, 1, 1, 1, 1, 1, 1, 1, 1, 1, 1, 1, 1, 4, 7, 1, 1, 1, 1, 1, 1, 1, 1, 1, 1, 1, 1, 4, 7, 1, 1, 1, 1, 1, 1, 1, 1, 4, 7, 1, 1, 1, 1, 1, 1, 1, 1, 4, 7, 1, 1, 1, 1, 1, 1, 1, 1, 1, 1, 4, 7, 1, 1, 1, 1, 1, 1, 1, 1, 1, 1, 1, 1, 1, 1, 1, 1, 4, 7, 1, 1, 1, 1, 1, 1, 1, 1, 1, 1, 1, 1, 4, 7, 1, 1, 1, 1, 1, 1, 1, 1, 4, 7, 1, 1, 1, 1, 1, 1, 1, 1, 4, 7, 1, 1, 1, 1, 1, 1, 1, 1, 1, 1, 4, 7, 1, 1, 1, 1, 1, 1, 1, 1, 1, 1, 1, 1, 1, 1, 1, 1, 4, 7, 1, 1, 1, 1, 1, 1, 1, 1, 1, 1, 1, 1, 4, 7, 1, 1, 1, 1, 1, 1, 1, 1, 4, 7, 1, 1, 1, 1, 1, 1, 1, 1, 4, 7, 1, 1, 1, 1, 1, 1, 1, 1, 1, 1, 4, 7, 1, 1, 1, 1, 1, 1, 1, 1, 1, 1, 1, 1, 1, 1, 1, 1, 4, 7, 1, 1, 1, 1, 1, 1, 1, 1, 1, 1, 1, 1, 4, 7, 1, 1, 1, 1, 1, 1, 1, 1, 4, 7, 1, 1, 1, 1, 1, 1, 1, 1, 4, 7, 1, 1, 1, 1, 1, 1, 1, 1, 1, 1, 4, 7, 1, 1, 1, 1, 1, 1, 1, 1, 1, 1, 1, 1, 1, 1, 1, 1, 4, 7, 1, 1, 1, 1, 1, 1, 1, 1, 1, 1, 1, 1, 4, 7, 1, 1, 1, 1, 1, 1, 1, 1, 4, 7, 1, 1, 1, 1, 1, 1, 1, 1, 4, 7, 1, 1, 1, 1, 1, 1, 1, 1, 1, 1, 4, 7, 1, 1, 1, 1, 1, 1, 1, 1, 1, 1, 1, 1, 1, 1, 1, 1, 4, 7, 1, 1, 1, 1, 1, 1, 1, 1, 1, 1, 1, 1, 4, 7, 1, 1, 1, 1, 1, 1, 1, 1, 4, 7, 1, 1, 1, 1, 1, 1, 1, 1, 4, 7, 1, 1, 1, 1, 1, 1, 1, 1, 1, 1, 4, 7, 1, 1, 1, 1, 1, 1, 1, 1, 1, 1, 1, 1, 1, 1, 1, 1, 4, 7, 1, 1, 1, 1, 1, 1, 1, 1, 1, 1, 1, 1, 4, 7, 1, 1, 1, 1, 1, 1, 1, 1, 4, 7, 1, 1, 1, 1, 1, 1, 1, 1, 4, 7, 1, 1, 1, 1, 1, 1, 1, 1, 1, 1, 4, 7, 1, 1, 1, 1, 1, 1, 1, 1, 1, 1, 1, 1, 1, 1, 1, 1, 4, 7, 1, 1, 1, 1, 1, 1, 1, 1, 1, 1, 1, 1, 4, 7, 1, 1, 1, 1, 1, 1, 1, 1, 4, 7, 1, 1, 1, 1, 1, 1, 1, 1, 4, 7, 1, 1, 1, 1, 1, 1, 1, 1, 1, 1, 4, 7, 1, 1, 1, 1, 1, 1, 1, 1, 1, 1, 1, 1, 1, 1, 1, 1, 4, 7, 1, 1, 1, 1, 1, 1, 1, 1, 1, 1, 1, 1, 4, 7, 1, 1, 1, 1, 1, 1, 1, 1, 4, 7, 1, 1, 1, 1, 1, 1, 1, 1, 4, 7, 16, 1, 1, 1, 1, 1, 1, 1, 1, 1, 4, 7, 1, 1, 1, 1, 1, 1, 1, 1, 1, 1, 1, 1, 1, 1, 1, 1, 4, 7, 1, 1, 1, 1, 1, 1, 1, 1, 1, 1, 1, 1, 4, 7, 1, 1, 1, 1, 1, 1, 1, 1, 4, 7, 1, 1, 1, 1, 1, 1, 1, 1, 4, 7, 1, 16, 1, 1, 1, 1, 1, 1, 1, 1, 4, 7, 1, 1, 1, 1, 1, 1, 1, 1, 1, 1, 1, 1, 1, 1, 1, 1, 4, 7, 1, 1, 1, 1, 1, 1, 1, 1, 1, 1, 1, 1, 4, 7, 1, 1, 1, 1, 1, 1, 1, 1, 2, 6, 1, 1, 1, 1, 1, 1, 1, 1, 2, 6, 1, 1, 1, 1, 1, 1, 1, 1, 1, 1, 4, 7, 1, 1, 1, 1, 1, 1, 1, 1, 1, 1, 1, 1, 1, 1, 1, 1, 2, 6, 1, 1, 1, 1, 1, 1, 1, 1, 1, 1, 1, 1, 2, 6, 1, 1, 1, 1, 1, 1, 1, 1, 1, 1, 1, 1, 1, 1, 1, 1, 1, 1, 1, 1, 1, 1, 1, 1, 1, 1, 1, 1, 1, 1, 2, 6, 1, 1, 1, 1, 1, 1, 1, 1, 1, 1, 1, 1, 1, 1, 1, 1, 1, 1, 1, 1, 1, 1, 1, 1, 1, 1, 1, 1, 1, 1, 1, 1, 1, 1, 1, 1, 1, 1, 1, 1, 1, 1, 1, 1, 1, 1, 1, 1, 1, 1, 1, 1, 1, 1, 1, 1, 1, 1, 1, 1, 1, 1, 1, 1, 1, 1, 1, 1, 1, 1, 1, 1, 1, 1, 1, 1, 1, 1, 1, 1, 1, 1, 1, 1, 1, 1, 1, 1, 1, 1, 1, 1, 1, 1, 1, 1, 1, 1, 1, 1, 1, 1, 1, 1, 1, 1, 1, 1, 1, 1, 1, 1, 1, 1, 1, 1, 1, 1, 1, 1, 1, 1, 1, 1, 1, 1, 1, 1, 1, 1, 1, 1, 1, 1, 1, 1, 1, 1, 1, 1, 1, 1, 1, 1, 1, 1, 1, 1, 1, 1, 1, 1, 1, 1, 1, 1, 1, 1, 1, 1, 1, 1, 1, 1, 1, 1, 1, 1, 1, 1, 1, 1, 1, 1, 1, 1, 1, 1, 1, 1, 1, 1, 1, 1, 1, 1, 1, 1, 1, 1, 1, 1, 1, 1, 1, 1, 1, 1, 1, 1, 1, 1, 1, 1, 1, 1, 1, 1, 1, 1, 1, 1, 1, 1, 1, 1, 1, 1, 1, 1, 1, 1, 1, 1, 1, 1],
         "height":20,
         "id":1,
         "name":"Background",
         "opacity":1,
         "type":"tilelayer",
         "visible":true,
         "width":64,
         "x":0,
         "y":0
        }, 
        {
         "data":[22, 22, 22, 22, 22, 22, 22, 22, 22, 22, 22, 22, 22, 22, 22, 22, 22, 22, 22, 22, 22, 22, 22, 22, 22, 22, 22, 22, 22, 22, 22, 22, 22, 22, 22, 22, 22, 22, 22, 22, 22, 22, 22, 22, 22, 22, 22, 22, 22, 22, 22, 22, 22, 22, 22, 22, 22, 22, 22, 22, 22, 22, 22, 22, 18, 0, 0, 0, 0, 0, 0, 0, 0, 0, 0, 0, 0, 0, 0, 0, 0, 0, 0, 0, 0, 0, 0, 0, 0, 0, 0, 0, 0, 0, 0, 0, 0, 0, 0, 0, 0, 0, 0, 0, 0, 0, 0, 0, 0, 0, 0, 0, 0, 0, 0, 0, 0, 0, 0, 0, 0, 0, 0, 0, 0, 0, 0, 17, 18, 0, 0, 0, 0, 0, 0, 0, 0, 0, 0, 0, 0, 0, 0, 0, 0, 0, 0, 0, 0, 0, 0, 0, 0, 0, 0, 0, 0, 0, 0, 0, 0, 0, 0, 0, 0, 0, 0, 0, 0, 0, 0, 0, 0, 0, 0, 0, 0, 0, 0, 0, 0, 0, 0, 0, 0, 0, 0, 0, 0, 0, 0, 17, 18, 0, 0, 0, 0, 0, 0, 0, 0, 0, 0, 0, 0, 0, 0, 0, 0, 0, 0, 0, 0, 0, 0, 0, 0, 0, 0, 0, 0, 0, 0, 0, 0, 15, 8, 16, 0, 0, 0, 0, 0, 0, 0, 0, 0, 0, 0, 0, 0, 0, 0, 0, 0, 0, 0, 0, 0, 0, 0, 0, 0, 0, 0, 17, 18, 0, 0, 0, 0, 0, 0, 0, 0, 0, 0, 0, 0, 0, 0, 0, 0, 0, 0, 0, 0, 0, 0, 0, 0, 0, 0, 0, 0, 0, 0, 0, 0, 17, 22, 18, 0, 0, 0, 19, 11, 20, 0, 0, 0, 0, 0, 0, 0, 0, 0, 0, 0, 0, 0, 0, 0, 0, 0, 0, 0, 0, 0, 17, 18, 0, 0, 0, 0, 0, 0, 0, 0, 0, 0, 0, 0, 0, 0, 0, 0, 0, 0, 0, 0, 0, 0, 0, 0, 0, 0, 0, 0, 0, 0, 0, 0, 17, 22, 18, 0, 0, 0, 0, 0, 0, 0, 0, 15, 8, 16, 0, 0, 0, 0, 0, 0, 0, 0, 0, 0, 0, 0, 0, 0, 0, 0, 17, 18, 0, 0, 0, 0, 0, 0, 0, 0, 0, 0, 0, 0, 0, 0, 0, 0, 0, 0, 0, 0, 0, 0, 0, 0, 0, 0, 0, 0, 0, 0, 0, 0, 0, 0, 0, 0, 0, 0, 0, 0, 0, 0, 0, 17, 22, 18, 0, 0, 0, 0, 0, 0, 0, 0, 0, 0, 0, 0, 0, 0, 0, 0, 17, 18, 0, 0, 0, 19, 13, 10, 11, 20, 0, 0, 0, 0, 0, 0, 0, 0, 0, 0, 0, 0, 0, 0, 0, 0, 0, 0, 0, 0, 0, 0, 0, 0, 0, 0, 0, 0, 0, 0, 0, 0, 0, 0, 0, 17, 22, 18, 0, 0, 0, 0, 0, 0, 0, 0, 0, 0, 0, 0, 0, 0, 0, 0, 17, 18, 0, 0, 0, 0, 0, 0, 0, 0, 0, 15, 21, 21, 8, 21, 16, 0, 0, 0, 0, 0, 0, 0, 0, 0, 0, 0, 0, 0, 0, 0, 0, 0, 0, 0, 0, 0, 0, 0, 0, 0, 0, 0, 0, 0, 0, 0, 0, 0, 15, 8, 16, 0, 0, 0, 0, 0, 0, 0, 0, 0, 0, 0, 17, 18, 0, 0, 0, 0, 0, 0, 0, 0, 0, 17, 22, 22, 22, 22, 18, 0, 0, 0, 0, 0, 0, 0, 0, 0, 0, 0, 0, 0, 0, 0, 0, 0, 0, 0, 0, 0, 0, 0, 0, 0, 0, 0, 0, 0, 0, 0, 0, 0, 17, 22, 18, 0, 0, 0, 0, 0, 0, 0, 0, 0, 0, 0, 17, 18, 19, 10, 20, 0, 0, 0, 0, 0, 0, 17, 22, 22, 22, 22, 22, 16, 0, 0, 0, 19, 10, 13, 20, 0, 0, 0, 0, 0, 0, 0, 0, 0, 0, 0, 0, 0, 0, 0, 0, 0, 0, 0, 0, 0, 0, 0, 0, 0, 17, 22, 22, 21, 16, 0, 0, 0, 0, 0, 0, 0, 0, 0, 17, 18, 0, 0, 0, 0, 0, 0, 0, 0, 0, 17, 22, 22, 22, 22, 22, 18, 0, 0, 0, 0, 0, 0, 0, 0, 0, 0, 0, 0, 0, 0, 0, 0, 0, 0, 0, 0, 0, 0, 0, 0, 0, 0, 0, 0, 0, 0, 0, 0, 17, 22, 22, 22, 18, 0, 0, 0, 0, 0, 0, 0, 0, 0, 17, 18, 0, 0, 0, 0, 0, 0, 0, 0, 0, 17, 22, 22, 22, 22, 22, 22, 16, 0, 0, 0, 0, 0, 0, 0, 0, 0, 0, 0, 0, 0, 0, 15, 21, 21, 21, 21, 21, 21, 21, 21, 16, 0, 0, 0, 0, 0, 0, 0, 17, 22, 22, 22, 18, 0, 0, 15, 8, 16, 0, 0, 0, 0, 17, 18, 0, 0, 19, 10, 20, 0, 0, 0, 0, 17, 22, 22, 22, 22, 22, 22, 22, 16, 0, 0, 0, 0, 0, 0, 19, 20, 0, 0, 0, 0, 0, 17, 22, 22, 22, 22, 22, 22, 22, 22, 18, 0, 0, 0, 0, 0, 0, 0, 0, 0, 0, 0, 0, 0, 0, 17, 22, 18, 0, 0, 0, 0, 17, 18, 0, 0, 0, 0, 0, 0, 0, 0, 0, 17, 22, 22, 22, 22, 22, 22, 22, 22, 16, 0, 0, 0, 0, 0, 0, 0, 0, 0, 0, 0, 0, 17, 22, 22, 22, 22, 22, 22, 22, 22, 18, 0, 0, 0, 0, 0, 0, 0, 0, 0, 0, 0, 0, 0, 0, 17, 22, 18, 0, 0, 0, 0, 17, 18, 0, 0, 0, 0, 0, 0, 0, 0, 0, 17, 22, 22, 22, 22, 22, 22, 22, 22, 18, 0, 0, 0, 0, 0, 0, 0, 0, 0, 0, 0, 0, 17, 22, 22, 22, 22, 22, 22, 22, 22, 22, 21, 21, 21, 21, 8, 21, 21, 21, 21, 21, 21, 21, 21, 21, 21, 21, 21, 21, 21, 21, 21, 21, 22, 21, 21, 21, 21, 21, 21, 21, 21, 21, 22, 22, 22, 22, 22, 22, 22, 22, 22, 18, 0, 0, 0, 0, 0, 0, 0, 0, 0, 0, 0, 0, 17, 22, 22, 22, 22, 22, 22, 22, 22, 22, 22, 22, 22, 22, 22, 22, 22, 22, 22, 22, 22, 22, 22, 22, 22, 22, 22, 22, 22, 22, 22, 22, 22, 22, 22, 22, 22, 22, 22, 22, 22, 22, 22, 22, 22, 22, 22, 22, 22, 22, 22, 22, 21, 21, 21, 21, 21, 21, 21, 21, 21, 21, 8, 21, 22, 22, 22, 22, 22, 22, 22, 22, 22, 22, 22, 22, 22, 22, 22, 22, 22, 22, 22, 22, 22, 22, 22, 22, 22, 22, 22, 22, 22, 22, 22, 22, 22, 22, 22, 22, 22, 22, 22, 22, 22, 22, 22, 22, 22, 22, 22, 22, 22, 22, 22, 22, 22, 22, 22, 22, 22, 22, 22, 22, 22, 22, 22, 22, 22, 22, 22, 22, 22, 22, 22, 22, 22, 22, 22, 22, 22, 22, 22, 22, 22, 22, 22, 22, 22, 22, 22, 22, 22, 22, 22, 22, 22, 22, 22, 22, 22, 22, 22, 22, 22, 22, 22, 22, 22, 22, 22, 22, 22, 22, 22, 22, 22, 22, 22, 22, 22, 22, 22, 22, 22, 22, 22, 22, 22, 22, 22, 22, 22, 22, 22, 22, 22, 22, 22, 22, 22, 22, 22, 22, 22, 22, 22, 22, 22, 22, 22, 22, 22, 22, 22, 22, 22, 22, 22, 22, 22, 22, 22, 22],
         "height":20,
         "id":2,
         "name":"Main",
         "opacity":1,
         "properties":[
                {
                 "name":"Collidable",
                 "type":"bool",
                 "value":true
                }, 
                {
                 "name":"Depth",
                 "type":"int",
                 "value":1
                }, 
                {
                 "name":"Group",
                 "type":"string",
                 "value":"ground"
                }],
         "type":"tilelayer",
         "visible":true,
         "width":64,
         "x":0,
         "y":0
        }],
 "nextlayerid":5,
 "nextobjectid":1,
 "orientation":"orthogonal",
 "renderorder":"right-down",
 "tiledversion":"1.4.3",
 "tileheight":16,
 "tilesets":[
        {
         "columns":5,
         "firstgid":1,
         "image":"tileset.png",
         "imageheight":80,
         "imagewidth":80,
         "margin":0,
         "name":"tileset",
         "spacing":0,
         "tilecount":25,
         "tileheight":16,
         "tilewidth":16
        }],
 "tilewidth":16,
 "type":"map",
 "version":1.4,
 "width":64
}