{
    "name": "FlyEnemy",
    "spriteSheetImage": "FlyEnemy.png",
    "spriteWidth": 512,
    "spriteHeight": 512,
    "leftBuffer": 0,
	"rightBuffer": 0,
	"topBuffer": 0,
	"bottomBuffer": 0,
    "columns": 5,
    "rows": 5,
    "durationType": "time",
    "animations": [
        { 
            "name": "Idle Right",
            "repeat": true,
            "frames": [ 
                {
                    "index": 0, 
                    "duration": 5
                },
                {
                    "index": 1, 
                    "duration": 5
                },
                {
                    "index": 2, 
                    "duration": 5
                },
                {
                    "index": 3, 
                    "duration": 5
                },
                {
                    "index": 4, 
                    "duration": 5
                },
                {
                    "index": 5, 
                    "duration": 5
                }      
            ]
        },
        { 
            "name": "Idle Left",
            "repeat": true,
            "frames": [ 
                {
                    "index": 6, 
                    "duration": 5
                },
                {
                    "index": 7, 
                    "duration": 5
                },
                {
                    "index": 8, 
                    "duration": 5
                },
                {
                    "index": 9, 
                    "duration": 5
                },
                {
                    "index": 10, 
                    "duration": 5
                },
                {
                    "index": 11, 
                    "duration": 5
                }      
            ]
        },
        {
            "name": "Walk Right",
            "repeat": true,
            "frames": [ 
                {
                    "index": 12, 
                    "duration": 5
                }, 
                {
                    "index": 13, 
                    "duration": 5
                }, 
                {
                    "index": 14,
                    "duration": 5
                }, 
                {
                    "index": 15, 
                    "duration": 5
                }, 
                {
                    "index": 16, 
                    "duration": 5
                }, 
                {
                    "index": 17, 
                    "duration": 5
                }
            ]
        },
        {
            "name": "Walk Left",
            "repeat": true,
            "frames": [ 
                {
                    "index": 18, 
                    "duration": 5
                }, 
                {
                    "index": 19, 
                    "duration": 5
                }, 
                {
                    "index": 20,
                    "duration": 5
                }, 
                {
                    "index": 21, 
                    "duration": 5
                }, 
                {
                    "index": 22, 
                    "duration": 5
                }, 
                {
                    "index": 23, 
                    "duration": 5
                }
            ]
        }
    ]
}